cubic,Tr_anchor,aad_rho_vt
SRK,0.5,5.149669037176623
SRK,0.5124358974358975,5.150160428961114
SRK,0.5248717948717949,5.149920295934255
SRK,0.5373076923076923,5.146195778841632
SRK,0.5497435897435897,5.137112001781448
SRK,0.5621794871794872,5.121653174303917
SRK,0.5746153846153846,5.098051728084093
SRK,0.5870512820512821,5.067962177446763
SRK,0.5994871794871794,5.034604306760959
SRK,0.6119230769230769,4.998021532578167
SRK,0.6243589743589744,4.961544425731038
SRK,0.6367948717948718,4.924840443044143
SRK,0.6492307692307693,4.8922917448657195
SRK,0.6616666666666666,4.864234137133361
SRK,0.6741025641025641,4.841682399969287
SRK,0.6865384615384615,4.8289403730096145
SRK,0.698974358974359,4.827604147762377
SRK,0.7114102564102565,4.840316379890369
SRK,0.7238461538461538,4.872261407328091
SRK,0.7362820512820513,4.921035665267679
SRK,0.7487179487179487,4.997026463429175
SRK,0.7611538461538461,5.108322245790672
SRK,0.7735897435897436,5.260203373558201
SRK,0.786025641025641,5.461372989103413
SRK,0.7984615384615384,5.728975789593391
SRK,0.8108974358974359,6.059949132704926
SRK,0.8233333333333333,6.477534105427497
SRK,0.8357692307692308,7.014367368133258
SRK,0.8482051282051282,7.671555753515544
SRK,0.8606410256410256,8.522406066079538
SRK,0.8730769230769231,9.566905269491595
SRK,0.8855128205128204,10.865664054866883
SRK,0.897948717948718,12.510498835907782
SRK,0.9103846153846153,14.61884871265054
SRK,0.9228205128205128,17.368473021078966
SRK,0.9352564102564103,21.044410059210858
SRK,0.9476923076923076,26.255083984841036
SRK,0.9601282051282052,33.7498703926319
SRK,0.9725641025641025,45.8187049891146
SRK,0.985,69.90226608891896
PR,0.5,3.1034774933494393
PR,0.5124358974358975,3.0780494837010184
PR,0.5248717948717949,3.0587889537142137
PR,0.5373076923076923,3.048487723355323
PR,0.5497435897435897,3.0467624407471634
PR,0.5621794871794872,3.052443656307068
PR,0.5746153846153846,3.0637025747477615
PR,0.5870512820512821,3.079367091408625
PR,0.5994871794871794,3.097387459892847
PR,0.6119230769230769,3.116491120498661
PR,0.6243589743589744,3.133800213115552
PR,0.6367948717948718,3.1482260484506206
PR,0.6492307692307693,3.157392842406677
PR,0.6616666666666666,3.159409595097481
PR,0.6741025641025641,3.152870613138957
PR,0.6865384615384615,3.1377410126000824
PR,0.698974358974359,3.1163421320180826
PR,0.7114102564102565,3.0905173024240935
PR,0.7238461538461538,3.066772362222575
PR,0.7362820512820513,3.0475240138539226
PR,0.7487179487179487,3.0406600293135067
PR,0.7611538461538461,3.053505738829945
PR,0.7735897435897436,3.0975345174946263
PR,0.786025641025641,3.180270073886527
PR,0.7984615384615384,3.311271117559218
PR,0.8108974358974359,3.4883049574325873
PR,0.8233333333333333,3.722123199391499
PR,0.8357692307692308,4.033314269511734
PR,0.8482051282051282,4.426602724635124
PR,0.8606410256410256,4.949256451240729
PR,0.8730769230769231,5.608154638458672
PR,0.8855128205128204,6.444693619314296
PR,0.897948717948718,7.523732133052065
PR,0.9103846153846153,8.928226433578343
PR,0.9228205128205128,10.781965078732144
PR,0.9352564102564103,13.27958068252435
PR,0.9476923076923076,16.827585852477863
PR,0.9601282051282052,21.89212453825199
PR,0.9725641025641025,29.84050058114424
PR,0.985,44.44125871820339
