fluid,coolprop,family,subgroup,Tc_K,pc_MPa,omega,Zc_ref,Z_RA,chi_HalmStiel,Tt_K,Tr_min,Tr_anchor,c_fit_srk_s_cm3mol,c_corr_srk_s_cm3mol,c_fit_srk_s19_cm3mol,c_corr_srk_s19_cm3mol,c_fit_srk_t95_cm3mol,c_corr_srk_t95_cm3mol,c_fit_srk_tc_cm3mol,c_corr_srk_tc_cm3mol,c_fit_srk_coq_cm3mol,c_corr_srk_coq_cm3mol,c_fit_srk_ms_cm3mol,c_corr_srk_ms_cm3mol,c_fit_srk_tf_cm3mol,c_corr_srk_tf_cm3mol,c_zc_srk_cm3mol,c_lit_srk_cm3mol,L_tf_srk,M_tf_srk,N_tf_srk,L_tc_srk,M_tc_srk,c_fit_pr_s_cm3mol,c_corr_pr_s_cm3mol,c_fit_pr_s19_cm3mol,c_corr_pr_s19_cm3mol,c_fit_pr_t95_cm3mol,c_corr_pr_t95_cm3mol,c_fit_pr_tc_cm3mol,c_corr_pr_tc_cm3mol,c_fit_pr_coq_cm3mol,c_corr_pr_coq_cm3mol,c_fit_pr_ms_cm3mol,c_corr_pr_ms_cm3mol,c_fit_pr_tf_cm3mol,c_corr_pr_tf_cm3mol,c_zc_pr_cm3mol,c_lit_pr_cm3mol,L_tf_pr,M_tf_pr,N_tf_pr,L_tc_pr,M_tc_pr
nitrogen,Nitrogen,Inorganic gases,,126.19199999958556,3.395800444647145,0.0372,0.28938953387455807,0.2872957,0.004101746627320768,63.151,0.510435843795228,0.7,0.34715206481890937,0.8580523636438954,0.33759337293803143,0.8484936717630175,0.34917776410658913,0.8600780629315752,0.36236407704232554,0.8732643758673115,0.3526405739188727,0.8635408727438587,0.36347673949643455,0.8743770383214206,0.345845982348977,0.856746281173963,13.577551281019758,1.347,0.1902,0.89,2.0106,0.164014752624,0.8712621382560001,-4.031887934679182,-3.5209876358541963,-4.114684406107805,-3.6037841072828187,-4.04255449464976,-3.5316541958247742,-4.040703241134022,-3.5298029423090362,-4.037030000027347,-3.5261297012023607,-4.037657346698811,-3.526757047873825,-4.0587095943910665,-3.54780929556608,5.564790264498277,-3.643,0.1243,0.8898,2.0129,0.08247502004799999,0.861353675984
oxygen,Oxygen,Inorganic gases,,154.59938983528554,5.046410521187217,0.0222,0.29424799790843503,0.28861195,0.005789458389289015,54.361000000000004,0.5,0.7,0.4456204891826581,0.5823942525265153,0.4386807295960355,0.5754544929398927,0.44703473208766653,0.5838084954315237,0.4604738686899123,0.5972476320337695,0.44920333999394,0.5859771033377972,0.46210243578271926,0.5988761991265764,0.4408732633012866,0.5776470266451438,9.95573267858469,1.348,0.2133,0.901,1.8619,0.152657812524,0.8742043663560001,-3.174749943734707,-3.03797618039085,-3.247505576410782,-3.110731813066925,-3.187556927285168,-3.0507831639413108,-3.182848303811488,-3.0460745404676306,-3.183222369564917,-3.04644860622106,-3.1815312314228366,-3.0447574680789793,-3.1960994825051783,-3.059325719161321,3.3500497203971062,-2.762,0.2339,0.8896,1.3053,0.071144557348,0.863906346884
argon,Argon,Inorganic gases,,150.68700000001058,4.863000544876669,-0.00219,0.2895001675152048,0.29075217249999996,0.004505512646243215,83.806,0.5661594563565145,0.7,0.2777663818422151,0.3883354494447892,0.27294466519557575,0.3835137327981499,0.27879001847104495,0.3893590860736191,0.2973301319793105,0.40789919958188464,0.27936660813686215,0.38993567573943627,0.30039951409339155,0.4109685816959657,0.2943333147751209,0.40490238237769505,11.292978254869736,0.874,0.2019,0.9085,1.8139,0.13425012804171,0.87915261665349,-3.4007664813699963,-3.290197413767422,-3.4822345312214917,-3.3716654636189176,-3.4212212631520704,-3.3106521955494963,-3.4104708342663534,-3.2999017666637793,-3.417571343102608,-3.3070022755000337,-3.4112768281398433,-3.300707760537269,-3.4106559769041365,-3.3000869093015623,4.611631746046532,-3.293,0.1227,0.9045,1.8541,0.05274975844417,0.86819158693361
carbon monoxide,CarbonMonoxide,Inorganic gases,,132.85989463386605,3.498194666198884,0.0497,0.2918633793790606,0.286198825,0.0008307324680703054,68.16,0.5230216322076322,0.7,0.43444450406019025,1.0080515994715906,0.4239554400486373,0.9975625354600377,0.4367800512646575,1.010387146676058,0.4478974052076173,1.0215045006190178,0.4408389275211569,1.0144460229325574,0.44838364289024896,1.0219907383016493,0.44814536379049635,1.0217524592018967,13.095366834396655,1.408,0.1623,0.8778,2.1566,0.173499872499,0.8688690283810001,-4.0302847905536545,-3.4566776951422544,-4.110463313841353,-3.5368562184299526,-4.037408889009655,-3.463801793598255,-4.0384981275083485,-3.464891032096948,-4.031679068201812,-3.4580719727904117,-4.034230377083535,-3.4606232816721345,-4.03502031274208,-3.4614132173306795,4.906148355563596,-3.677,0.0997,0.8782,2.1509,0.091927281673,0.859274609609
carbon dioxide,CarbonDioxide,Inorganic gases,,304.1282000029807,7.377298373446752,0.22394,0.27458789801922406,0.270909265,,216.592,0.7221733532039358,0.7221733532039358,3.249812721291154,3.410017112664526,3.2429033576244564,3.403107748997829,3.2469299944159586,3.407134385789331,3.251227988984252,3.411432380357624,3.246260312301441,3.4064647036748132,3.240742182908009,3.4009465742813814,3.298311219644451,3.4585156110178232,20.1357427533586,4.158,0.2805,0.8684,2.2783,0.30770290145196,0.84107166322324,-1.559884254969956,-1.3996798635965837,-1.6015745146346916,-1.4413701232613194,-1.5350230352206338,-1.3748186438472616,-1.559943352488576,-1.3997389611152038,-1.5377484655109528,-1.3775440741375806,-1.5433663409371545,-1.3831619495637824,-1.4968109341199245,-1.3366065427465523,11.246763959602308,-1.137,0.1784,0.859,2.4107,0.22465061297092,0.8348526022163599
hydrogen sulfide,HydrogenSulfide,Inorganic gases,,373.1008747131923,8.998871587082043,0.1005,0.28473114981584546,0.281741125,0.003412386949898316,187.7,0.5130811041230807,0.7,1.5551012805317055,1.7005939989189274,1.5425730509664812,1.688065769353703,1.5587738522518786,1.7042665706391003,1.56312201791522,1.7086147363024418,1.5639183672160397,1.7094110856032616,1.5612896616178125,1.7067823800050343,1.6079858770710813,1.753478595458303,16.75437295607393,3.018,0.1748,0.8686,2.2761,0.21224387527499997,0.859692982725,-3.2705017129503062,-3.1250089945630846,-3.3403662112944286,-3.1948734929072065,-3.2649371808555725,-3.119444462468351,-3.2765562294403083,-3.1310635110530867,-3.259507848258093,-3.114015129870871,-3.267600376259078,-3.1221076578718563,-3.2344904785542727,-3.088997760167051,7.81451249683116,-2.508,0.1122,0.8688,2.2734,0.13043677742499998,0.8512757950250001
methane,Methane,Alkanes,,190.56400265128698,4.599200474282439,0.01142,0.2862900601415664,0.289557895,0.007635056890631153,90.6941,0.5,0.7,0.7922377018076545,0.6680344654511375,0.7840093442963917,0.6598061079398748,0.7939059699720882,0.6697027336155712,0.8148528403945061,0.6906496040379891,0.7959892941973654,0.6717860578408485,0.8178377614642546,0.6936345251077377,0.799831322319784,0.6756280859632671,16.206537650355386,2.051,0.217,0.9082,1.8172,0.14451293844204,0.87636634216276,-4.114193609423451,-4.238396845779968,-4.217152103010055,-4.341355339366571,-4.135757990174072,-4.2599612265305895,-4.126010505964907,-4.250213742321424,-4.130248500650968,-4.254451737007485,-4.125457758125051,-4.249660994481568,-4.14872907035525,-4.272932306711767,7.272432632776852,-3.56,0.1474,0.9075,1.8241,0.06300998536708001,0.86577980133764
ethane,Ethane,Alkanes,,305.3220000000155,4.872199977781725,0.099,0.27990190183894337,0.28187275,0.005788937354114676,90.368,0.5,0.7,2.8772262249958147,2.5429872719375664,2.8582761605174736,2.5240372074592257,2.8827304376313094,2.548491484573061,2.8895652807208383,2.55532632766259,2.89052129317957,2.5562823401213217,2.8868905977795234,2.5526516447212755,2.8692429716828287,2.5350040186245804,27.839663894215956,4.608,0.297,0.8811,1.7243,0.21109534109999997,0.8599512909,-4.418624760939635,-4.7528637139978835,-4.524940796554531,-4.859179749612779,-4.410699704532046,-4.7449386575902945,-4.427884591008526,-4.762123544066775,-4.402421662135008,-4.736660615193255,-4.414510871134434,-4.748749824192681,-4.437186542394438,-4.771425495452686,14.327480831471876,-3.675,0.3053,0.8693,1.3297,0.1292974897,0.8515016201000001
propane,n-Propane,Alkanes,,369.8900089509634,4.251165328013042,0.1521,0.27645926602905524,0.277213225,0.005323748074145707,85.525,0.5,0.7,5.082466246392287,4.903838707291203,5.059237815465285,4.880610276364201,5.0921225452977055,4.913495006196621,5.092410951123484,4.9137834120224,5.100386918328067,4.921759379226983,5.0841056886008635,4.905478149499779,5.128320849571543,4.949693310470459,41.14462215674511,7.703,0.5467,0.8814,1.183,0.25192086245100004,0.851275440669,-4.940054397443124,-5.118681936544208,-5.05574873189411,-5.234376270995194,-4.910188596022824,-5.088816135123908,-4.94865039435634,-5.1272779334574246,-4.903548003978123,-5.082175543079208,-4.923595222287305,-5.102222761388389,-4.916842120430333,-5.0954696595314175,22.38357249317267,-3.735,0.7455,0.9133,0.761,0.16970965197700003,0.843891280841
n-butane,n-Butane,Alkanes,,425.125000000008,3.7960000174158095,0.200810094644,0.2737679306802091,0.272938914194989,0.006628962179744402,134.895,0.5,0.7,7.867803439666601,7.989248481620053,7.845552623026499,7.966997664979951,7.881770522775699,8.003215564729151,7.878618491655564,8.000063533609016,7.88632356622927,8.00776860818272,7.862026229391855,7.983471271345307,7.880754996964211,8.002200038917664,55.46496025805932,11.027,0.3515,0.8609,1.8324,0.28967424512443196,0.8441643676985011,-4.905503858646179,-4.784058816692728,-5.0244211088697375,-4.902976066916286,-4.855172947820703,-4.7337279058672515,-4.914077034496458,-4.792631992543006,-4.854542773118027,-4.733097731164575,-4.8776199801922395,-4.756174938238788,-4.8757983874193105,-4.754353345465858,31.31686020963476,-3.436,0.4154,0.849,1.3205,0.20692813073881308,0.8376048877509876
isobutane,IsoButane,Alkanes,,407.8100000000046,3.6290000166496337,0.183531783208,0.2758610674972168,0.274455086023498,0.0034136947377518823,113.73,0.5,0.7,7.2939141906834,7.413974197549865,7.2685537442413635,7.38861375110783,7.307488230149522,7.427548237015988,7.304887126104642,7.424947132971107,7.314465121064051,7.434525127930517,7.290431545960269,7.410491552826734,7.399892100313625,7.519952107180091,53.69865467297153,10.855,0.683,0.8838,1.0334,0.2762492858810707,0.8465939742741687,-5.56820078925981,-5.448140782393344,-5.697380911264116,-5.57732090439765,-5.520895873214766,-5.4008358663483005,-5.577407378790753,-5.457347371924287,-5.51727887114942,-5.397218864282955,-5.541953877220477,-5.421893870354011,-5.494358146604236,-5.374298139737771,29.468095969114003,-3.803,1.0772,0.9921,0.5743,0.19370996411433983,0.8397586932515679
n-pentane,n-Pentane,Alkanes,,469.69999987111663,3.3675189836068755,0.251031912680427,0.26862805250429217,0.2685319496622925,0.005115246662429573,143.47,0.5,0.7,12.351903516276707,12.161871908810161,12.336587932246289,12.146556324779743,12.36996620074203,12.179934593275485,12.36844769532557,12.178416087859024,12.365770782053819,12.175739174587273,12.33907240225809,12.149040794791544,12.340295909136882,12.150264301670337,75.03854749746206,16.237000000000002,0.2953,0.8513,2.2372,0.3289028861990437,0.8376817253343725,-3.394136052074217,-3.5841676595407628,-3.512826127727211,-3.7028577351937564,-3.3271032357845893,-3.517134843251135,-3.4048765772622027,-3.5949081847287485,-3.337835228706332,-3.527866836172878,-3.358110558374173,-3.548142165840719,-3.3875655639603015,-3.5775971714268473,44.96372763473085,-1.599,0.2933,0.8366,1.8246,0.24544925492513442,0.8318194882544212
n-hexane,n-Hexane,Alkanes,,507.8199998837351,3.044115323022376,0.3003189315498438,0.26645667753719615,0.2642070137565012,0.0038500642012122555,177.83,0.5,0.7,16.117380140813097,17.19843432218692,16.114482171074403,17.195536352448226,16.13802953353237,17.219083714906194,16.144989409433045,17.226043590806867,16.120580411527463,17.201634592901286,16.09851417226803,17.17956835364185,16.101873804132975,17.182927985506797,92.75929362201448,22.052000000000003,0.2972,0.8492,2.4246,0.36770101316835363,0.8321579250458806,-2.5268502451742703,-1.4457960638004475,-2.6445307171008783,-1.5634765357270555,-2.452568162506717,-1.3715139811328936,-2.54379549770046,-1.462741316326637,-2.4793081021617858,-1.398253920787963,-2.4905094601306965,-1.4094552787568735,-2.5144222529051503,-1.4333680715313273,56.78922824378743,0.816,0.2873,0.8341,2.0199,0.28339903319718535,0.8268288943550312
n-heptane,n-Heptane,Alkanes,,541.2259150893126,2.773824280294774,0.349,0.2746315254910667,0.25993525,0.006285907441574201,182.55,0.5,0.7,20.4498250560516,23.232751927474453,20.463293662875724,23.246220534298573,20.470762939379423,23.25368981080227,20.493574571333934,23.276501442756782,20.436409360174913,23.21933623159776,20.42571685764789,23.20864372907074,20.420276038917986,23.203202910340835,95.23252502876664,27.852,0.353,0.8368,2.2643,0.40631354109999995,0.8275170909,-1.1427629697523018,1.6401639016705472,-1.2635113121571562,1.5194155592656926,-1.0734262902731901,1.7095005811496586,-1.1721455927974158,1.610781278625433,-1.120150842905132,1.6627760285177169,-1.1168872009291313,1.6660396704937177,-1.1466067851847799,1.636320086238069,53.16062117220816,3.109,0.363,0.8202,1.8366,0.32102388969999995,0.8225678201000001
n-octane,n-Octane,Alkanes,,568.7399999458576,2.4835911977593486,0.39752829818330415,0.25859378140582345,0.25567689183441505,0.0001772759514826472,216.37,0.5,0.7,29.384676529558966,30.96234086658319,29.417333634439363,30.994997971463587,29.402951790338182,30.980616127362406,29.449874733495186,31.02753907051941,29.348033604087725,30.92569794111195,29.355397853680806,30.93306219070503,29.316598324985573,30.894262662009798,142.30440263867067,34.875,0.3598,0.8321,2.3836,0.4450931291751526,0.8236970250934625,4.289286948107703,5.866951285131926,4.154915479151716,5.73257981617594,4.339335077110224,5.916999414134447,4.237686280541355,5.815350617565578,4.2680639927449215,5.845728329769145,4.290759005080467,5.86842334210469,4.217763672124714,5.795428009148937,92.9272333453776,6.428,0.357,0.8172,2.0,0.3586707793222765,0.8189810263489778
n-decane,n-Decane,Alkanes,,617.6988452458754,2.101336691813891,0.4884,0.24948213242729447,0.2477029,-0.003444344567224533,243.5,0.5,0.7,43.38385443292239,48.7514639843655,43.45044862552887,48.81805817697198,43.38331340671299,48.7509229581561,43.49347755406056,48.86108710550367,43.2876475555479,48.655257106991016,43.346695325168575,48.71430487661169,43.22913631340369,48.59674586484681,204.9390022589779,48.708,0.3777,0.8257,2.5802,0.5184838616159999,0.818708636304,11.74592385375835,17.113533405201462,11.550279042932623,16.917888594375736,11.703564243536638,17.07117379497975,11.616556857386312,16.984166408829424,11.581217129939906,16.948826681383018,11.64995726236887,17.01756681381198,11.505616998564333,16.873226550007445,141.55587356010122,12.827,0.377,0.8108,2.1781,0.42954271643200004,0.814039291856
cyclohexane,CycloHexane,Alkanes,,553.6000188557726,4.080525879162136,0.20926,0.2749736625910168,0.272197435,-0.0024515336243042807,279.47,0.5148229596841999,0.7,9.092963617142502,10.036473519314983,9.067914132980114,10.011424035152595,9.110088318386701,10.053598220559183,9.106238401729257,10.049748303901739,9.114091394892503,10.057601297064984,9.084793401229613,10.028303303402094,9.12349436974066,10.067004271913142,65.83047333093687,13.335,0.3148,0.8334,1.8719,0.29625296357836,0.84301332986484,-6.354046950449388,-5.410537048276907,-6.492673042320191,-5.5491631401477095,-6.291656477951791,-5.348146575779309,-6.3642141324689945,-5.420704230296513,-6.292715214207737,-5.349205312035255,-6.31955750851138,-5.376047606338899,-6.318908396472887,-5.375398494300406,36.57733350565674,-4.233,0.3729,0.8119,1.3526,0.21339889150372002,0.83658203363876
benzene,Benzene,Aromatics,,562.0196911219722,4.906288781088225,0.2108369732700151,0.2690783272119474,0.27205905559555615,-0.0007195019929975288,278.674,0.5058438367945383,0.7,9.615826314256896,8.530817931051503,9.594982221873256,8.509973838667864,9.63031421452773,8.545305831322338,9.627076058153802,8.54206767494841,9.63345100631005,8.548442623104659,9.608754068227707,8.523745685022314,9.636639013445132,8.55163063023974,61.198331158792534,13.454,0.1919,0.8469,2.5997,0.29748169056904344,0.8428012184013662,-3.4225400936482124,-4.5075484768536045,-3.5387558167274746,-4.623764199932867,-3.3696654689159353,-4.454673852121328,-3.4310988097578625,-4.516107192963255,-3.370849650993459,-4.455858034198851,-3.3933262511558784,-4.47833463436127,-3.4124521555933356,-4.497460538798728,36.49867245225541,-1.4389999999999998,0.1349,0.8482,2.579,0.21460697426642392,0.8363933575959047
toluene,Toluene,Aromatics,,591.7490789362913,4.126346948595585,0.2657,0.2646502474269202,0.26724482499999996,0.006020571592155077,178.0,0.5,0.7,14.845631281816248,13.178405573647177,14.833825308297246,13.166599600128176,14.86411895789021,13.196893249721139,14.864353908921604,13.197128200752534,14.856648124066238,13.189422415897168,14.831326371427965,13.164100663258894,14.890649230731148,13.223423522562078,81.89470711973975,19.657,0.3312,0.8448,2.0809,0.34041839553899994,0.835951030141,-1.2954381034176459,-2.9626638115867157,-1.4103662273046824,-3.077591935473752,-1.2271114102591583,-2.8943371184282283,-1.3071636890475928,-2.9743893972166626,-1.2417086715439707,-2.9089343797130405,-1.2594051894441267,-2.9266308976131965,-1.240846019363596,-2.9080717275326657,50.97293489672419,1.238,0.3171,0.8302,1.7526,0.256728235753,0.830263118249
ethylbenzene,EthylBenzene,Aromatics,,617.1199997949194,3.6224421281439887,0.304,0.2575645481812739,0.263884,0.0026103071956575796,178.20000000000002,0.5,0.7,19.129363045432772,17.767698164210522,19.127564097163805,17.765899215941552,19.150303549133966,17.788638667911716,19.158264968005945,17.796600086783695,19.131537814081792,17.769872932859542,19.109912256064778,17.748247374842528,19.2087078454561,17.84704296423385,107.32296799246252,24.376,0.3919,0.8357,1.9344,0.37061061759999997,0.8317786944000001,0.10375320229520711,-1.257911678927045,-0.014976139259026714,-1.376641020481279,0.17876167233160808,-1.1829032088906442,0.0859663205000547,-1.2756985607221973,0.1504058507944086,-1.2112590304278434,0.14002812632286704,-1.2216367548993852,0.19422588126266063,-1.1674389999595916,70.58960480489739,2.7030000000000003,0.4991,0.8222,1.354,0.2862391552,0.8264834816000001
o-xylene,o-Xylene,Aromatics,,630.259003064399,3.7374597566424326,0.312,0.2656806993635728,0.26318199999999997,0.006844039214172204,247.985,0.5,0.7,18.92513843188343,18.02793773339554,18.92583445930256,18.02863376081467,18.945514196692038,18.04831349820415,18.955304354020633,18.058103655532747,18.924912575064393,18.027711876576507,18.905519454598444,18.008318756110558,18.87067744743364,17.973476748945753,94.85526204004049,22.637,0.3395,0.848,2.2584,0.3769397184,0.8309704896,0.1230391938557198,-0.7741615046321672,0.008441513586477907,-0.8887591849014091,0.1952802167249127,-0.7019204817629743,0.10431345676820267,-0.7928872417196844,0.16496879072814824,-0.7322319077597388,0.1569970627736427,-0.7402036357142443,0.09587483903298102,-0.801325859454906,58.49432552418238,1.484,0.3621,0.8338,1.7822,0.29241431679999996,0.8257458944
m-xylene,m-Xylene,Aromatics,,616.890000360268,3.5345990782215013,0.326,0.2585874355140453,0.2619535,0.006891247151722846,225.3,0.5,0.7,22.141476474155287,19.458712538705722,22.14659871998211,19.46383478453254,22.1618025400797,19.479038604630134,22.175620586674047,19.492856651224482,22.13685528565555,19.454091350205985,22.12060761996469,19.437843684515123,22.156884492043446,19.474120556593878,108.4648746091104,26.129,0.4048,0.843,2.0018,0.38803446360000005,0.8296087684,2.7372466688613057,0.054482733411739336,2.6233090875554548,-0.059454847894111276,2.8077845474514342,0.125020612001868,2.7155560157506162,0.0327920803010499,2.7724015566369613,0.08963762118739498,2.7683611462569404,0.08559721080737435,2.773249642644063,0.09048570719449671,70.83263216823615,4.134,0.4185,0.8296,1.6288,0.3032299972,0.8244982676
p-xylene,p-Xylene,Aromatics,,616.1680019419451,3.5315210522526908,0.324,0.2558847234675383,0.262129,0.01019472141219624,286.40000000000003,0.5,0.7,21.658546789069998,19.338346866719224,21.663046349680467,19.342846427329693,21.67898529293092,19.358785370580147,21.69225636667975,19.37205644432898,21.654559134452867,19.334359212102097,21.637757637349473,19.3175577149987,21.66569096888839,19.345491046537617,112.35312432564446,26.399,0.2989,0.8512,2.5294,0.38644803359999996,0.8297991983999999,2.252258849392961,-0.06794107295781271,2.1377382130923905,-0.18246170925838345,2.323424895247687,0.0032249728969127936,2.23092685482478,-0.08927306752599387,2.288620978761741,-0.03157894358903285,2.2839781763701223,-0.036221745980651726,2.2486350777223945,-0.07156484462837927,74.73216470832791,4.287,0.2249,0.8493,2.5599,0.3016841872,0.8246731375999999
water,Water,Polar/associating,H-bonding,647.0959999999873,22.063999999997755,0.3442920843,0.2294384527424684,0.260348369602675,0.0234908473364972,273.16,0.5,0.7,7.594049996630526,3.446485350660524,7.59584233009243,3.448277684122429,7.597258017560315,3.449693371590314,7.600452369601486,3.452887723631485,7.592289645419375,3.444724999449374,7.590446723555171,3.44288207758517,7.595333305080372,3.4477686591103702,25.33452696498436,8.967,0.4171,0.8758,2.1818,0.402566698621991,0.827930523027269,4.345397806591928,0.19783316062192635,4.327073486743723,0.17950884077372184,4.3561385971372495,0.20857395116724842,4.341152970278356,0.19358832430835443,4.349332482684181,0.2017678367141802,4.349583760279639,0.20201911430963843,4.343532660810393,0.19596801484039192,19.01074345526031,5.271,0.3872,0.872,1.9669,0.31737906479603567,0.8229509021600105
methanol,Methanol,Polar/associating,H-bonding,513.3795127230579,8.215853274947687,0.5649374879079412,0.21909373318154357,0.24098673543607815,0.04266562070013302,175.61,0.5,0.7,13.514586908616636,11.992833316984267,13.52868114078838,12.006927549156012,13.50828965474672,11.986536063114352,13.539088826578078,12.01733523494571,13.486281272097708,11.96452768046534,13.507014332031192,11.985260740398823,13.559840742260807,12.038087150628439,59.352185873467114,16.977999999999998,0.7619,0.9142,1.7582,0.5810807288550258,0.8166968772647462,6.8885811205116685,5.3668275288793,6.834502010751446,5.312748419119077,6.854913746790897,5.333160155158528,6.844654108440383,5.322900516808015,6.825752379058113,5.303998787425744,6.845601061830495,5.323847470198126,6.85682925937449,5.335075667742121,45.878749181869374,9.18,0.665,0.9116,1.7833,0.48961577553516344,0.8116721849790798
ethanol,Ethanol,Polar/associating,H-bonding,514.7092848812961,6.267914582702095,0.644,0.24695733237378467,0.23404899999999998,0.003600926354008882,159.10000000000002,0.5,0.7,11.746970504246024,17.983150203586163,11.758662833591554,17.994842532931692,11.728000584533595,17.964180283873734,11.774215632191314,18.010395331531452,11.701057781910322,17.93723748125046,11.737082575341896,17.973262274682032,11.705838334312299,17.942018033652438,58.974763972632104,16.023,0.8128,0.9027,1.7952,0.6464943696,0.8167211824,3.169217879670004,9.405397579010142,3.071195843750801,9.30737554309094,3.0857416690091415,9.32192136834928,3.082155250383413,9.318334949723551,3.0466138815057255,9.282793580845864,3.0770339016110357,9.313213600951173,3.0282970633026394,9.264476762642778,41.26831547574958,5.958,0.853,0.913,1.5187,0.5520360592000001,0.8109505136
ammonia,Ammonia,Polar/associating,H-bonding,405.55999997326353,11.363391157414673,0.2556905229865023,0.24605087894395805,0.2681231566079344,0.012009904944185745,195.495,0.5,0.7,7.153725242689113,3.1651477032216704,7.150116617957933,3.1615390784904913,7.158344098746795,3.169766559279353,7.158086035805994,3.1695084963385516,7.157022314490529,3.168444775023087,7.150348387853269,3.161770848385827,7.175682259242505,3.1871047197750624,25.900508648350094,8.64,0.2988,0.8652,2.3219,0.33255738309093574,0.8371240843897442,3.1284561563703646,-0.8601213830970774,3.098667975757037,-0.8899095637104055,3.1455834260259334,-0.8429941134415087,3.1256621522819845,-0.8629153871854577,3.1425561442657495,-0.8460213952016927,3.1376114868550755,-0.8509660526123668,3.156852011054155,-0.8317255284132872,18.20495827709119,4.031,0.2274,0.8645,2.332,0.24903009413591795,0.8313186495075794
acetone,Acetone,Polar/associating,polar aprotic,508.10000903114974,4.6924165561745,0.3071,0.23633372249693255,0.263611975,0.01259284056435428,178.5,0.5,0.7,22.581183547503144,11.402649339002092,22.580658595146833,11.402124386645783,22.594409427083267,11.415875218582217,22.599937407666037,11.421403199164985,22.581976665207982,11.403442456706932,22.568726489659465,11.390192281158415,22.54615390730728,11.367619698806228,87.32866500187703,25.689,0.3716,0.8623,2.1784,0.373062216051,0.831462919069,10.496113315657071,-0.682420892843979,10.421396928999734,-0.7571372795013175,10.543307911635097,-0.6352262968659539,10.484538084426777,-0.6939961240742734,10.524725440578969,-0.6538087679220814,10.518700132495866,-0.6598340760051842,10.471986074161482,-0.7065481343395699,63.980907629238175,12.01,0.3681,0.8538,1.8314,0.288631579177,0.826195538441
dimethyl ether,DimethylEther,Polar/associating,polar aprotic,400.3779999121906,5.336664806965011,0.196,0.2698852048623152,0.27336099999999997,0.003707839497408827,131.66,0.5,0.7,6.404434369033582,5.239619044222644,6.388946087173197,5.224130762362258,6.41371731862821,5.248901993817271,6.411663203917528,5.246847879106589,6.417229716152814,5.252414391341875,6.400963245295884,5.236147920484945,6.425538211316396,5.260722886505457,39.577948691973866,7.53,0.512,0.8494,1.3201,0.2859332176,0.8448304944,-2.160795334810522,-3.325610659621461,-2.242230379223087,-3.407045704034026,-2.127600465384963,-3.2924157901959017,-2.1666297619577035,-3.331445086768642,-2.1266137554289393,-3.2914290802398782,-2.142390153091225,-3.3072054779021633,-2.161576608458404,-3.3263919332693423,23.40114157705076,-2.1950000000000003,0.6103,0.8498,0.9663,0.2032465552,0.8381960816
sulfur dioxide,SulfurDioxide,Polar/associating,polar aprotic,430.6400006320635,7.886578976938646,0.2561299361987246,0.2726599366557406,0.2680845980985619,0.0020283449099238737,197.7,0.5,0.7,5.521280745876258,4.85021301784598,5.5158046010984725,4.844736873068196,5.528346686978481,4.8572789589482035,5.527971557621968,4.856903829591691,5.526288482618945,4.855220754588668,5.516101233720672,4.845033505690394,5.574826489252631,4.903758761222354,27.54597851938787,6.994000000000001,0.384,0.8366,1.7943,0.3329022223774076,0.8370718689689163,-0.6366459043838639,-1.3077136324141412,-0.6821379704368853,-1.3532056984671625,-0.6104472022702535,-1.2815149303005309,-0.6409278046321074,-1.3119955326623847,-0.6151194256689188,-1.286187153699196,-0.6226489718182217,-1.2937166998484988,-0.6040484502313314,-1.2751161782616085,15.77213558239033,-0.052,0.3947,0.824,1.4649,0.24936791548260862,0.8312717228333522
ethylene oxide,EthyleneOxide,Polar/associating,polar aprotic,468.9200076903809,7.304686998351187,0.21019548904995822,0.26129348254893126,0.27211534583586616,0.01156344190981451,160.65,0.5,0.7,8.618908180296433,4.767771191300676,8.607157202485249,4.756020213489492,8.627020722055756,4.775883733059999,8.625202845020707,4.774065856024951,8.628834114670305,4.777697125674548,8.614984282267137,4.763847293271381,8.798444626903946,4.947307637908189,38.45069035780349,12.622,0.489,0.8541,1.3818,0.2969818299741392,0.8428873989531306,1.3112411820877035,-2.5398958069080533,1.2459246097019387,-2.605212379293818,1.3408281343779238,-2.510308854617833,1.3064391572922682,-2.5446978317034885,1.3402307451123796,-2.5109062438833774,1.3275918565377471,-2.52354513245801,1.4632483277413888,-2.387888661254368,24.608982482395106,4.132000000000001,0.6214,0.8595,0.9597,0.21411553021347196,0.8364700235253174
methyl chloride,R40,Polar/associating,polar aprotic,418.62565210586763,6.929002575398743,0.15006849639620867,0.29415352429604397,0.27739148944123265,0.009661806844181386,230.0,0.5594168807931401,0.7,4.752461230288437,3.3679273609342295,4.736196728038214,3.351662858684007,4.759121296699579,3.374587427345372,4.759475922434769,3.3749420530805616,4.764968383899785,3.3804345145455783,4.753833487944496,3.369299618590288,4.743016715966683,3.358482846612476,19.681201795209777,8.681999999999999,0.3046,0.8592,1.8088,0.250352617860152,0.851589631805517,-2.2097303292961223,-3.5942641986503294,-2.290824516028634,-3.675358385382841,-2.189369517500205,-3.573903386854412,-2.2157838232682656,-3.600317692622473,-2.184600143132142,-3.569134012486349,-2.1985191491159437,-3.583053018470151,-2.2353525458087233,-3.6198864151629304,6.6541049538239205,0.504,0.3115,0.8461,1.4331,0.16816047932641823,0.8441679029541245
tetrahydrofuran,Tetrahydrofuran,Polar/associating,polar aprotic,540.1999999999915,5.304435306015896,0.234,0.26840939653581386,0.2700265,0.008886419857647487,164.76,0.5,0.7,7.2806315339085,8.327840550089062,7.266256767889389,8.313465784069951,7.293771737855139,8.340980754035701,7.291581794296762,8.338790810477324,7.293255636786763,8.340464652967325,7.272384948326912,8.319593964507474,7.500093046221423,8.547302062401986,54.97363494606541,12.878,0.4609,0.8403,1.4946,0.3155645916,0.8397836004,-4.256203343024325,-3.2089943268437624,-4.349410453917689,-3.3022014377371267,-4.20750873422831,-3.1602997180477472,-4.263752708436429,-3.2165436922558666,-4.212431768978162,-3.1652227527975993,-4.229626145875901,-3.1824171296953385,-4.077468825740946,-3.030259809560384,33.01486796544441,-0.605,0.529,0.8298,1.1236,0.23236865320000002,0.8337023156
R-32,R32,Refrigerants,,351.25500044943203,5.782645093949692,0.2769,0.2429448812695383,0.266262025,0.014517297703730003,136.34,0.5,0.7,12.905760409309995,5.801108033688211,12.902041140514369,5.797388764892585,12.913525801864163,5.8088734262423785,12.914321463895751,5.809669088273967,12.909330523759255,5.804678148137472,12.899397179802596,5.794744804180813,12.932096702841946,5.827444327220162,45.650244825223034,15.028,0.3304,0.859,2.212,0.34922890757099995,0.834679049949,6.084508328246532,-1.0201440473752517,6.037908509819556,-1.066743865802227,6.113031366390727,-0.9916210092310564,6.079233219897334,-1.02541915572445,6.105694304589282,-0.9989580710325017,6.0992696072478605,-1.0053827683739234,6.100330886836687,-1.004321488785096,32.552741894591726,7.25,0.2864,0.8552,2.0537,0.265349046217,0.829115322761
R-125,R125,Refrigerants,,339.1772824561048,3.6182760556197304,0.3052,0.26856267237731896,0.2637787,0.0002291823664424264,172.52,0.5186425563372659,0.7,7.983877560597928,9.813282990390597,7.983095219986458,9.812500649779128,7.995372354042342,9.82477778383501,7.999908839357724,9.829314269150393,7.984877138135125,9.814282567927794,7.973142874309212,9.802548304101881,7.955995858155665,9.785401287948334,50.48211849989997,10.348,0.2829,0.8505,2.5417,0.371559484144,0.831656069136,-2.482332517114315,-0.6529270873216453,-2.5474096207430876,-0.7180041909504183,-2.441218124460401,-0.6118126946677317,-2.492209001272319,-0.6628035714796495,-2.457008461227887,-0.6276030314352176,-2.462527724148727,-0.6331222943560576,-2.506664540754408,-0.6772591109617385,30.269732411701913,-1.536,0.2569,0.8429,2.2484,0.28716518708800004,0.826371700304
R-134a,R134a,Refrigerants,,374.2119665849513,4.059276373791066,0.32684,0.2600218012751801,0.26187979,0.0028832184303149155,169.85,0.5,0.7,11.279853569823246,10.303591924838354,11.282696569326285,10.306434924341394,11.290563059557593,10.3143014145727,11.297983082282704,10.321721437297812,11.277272091070534,10.301010446085641,11.268814617528422,10.29255297254353,11.273738349485772,10.297476704500879,56.19213467444869,13.886,0.283,0.8469,2.5997,0.38870090996016,0.82952919549904,1.0322135532409948,0.05595190825610254,0.9721656860519317,-0.004095958932960673,1.0693254863296606,0.09306384134476826,1.0206771474364444,0.044415502451552055,1.050510162547161,0.07424851756226872,1.0485100360346815,0.07224839104978925,1.0352848528518972,0.05902320786700492,36.31464312144044,2.27,0.2851,0.832,2.1174,0.30387930825232,0.82442515642256
R-1234yf,R1234yf,Refrigerants,,367.84999999994756,3.3843736955661092,0.276,0.26472629635566347,0.266341,0.004637245994320471,121.6,0.5,0.7,11.368361965295943,10.34866707536694,11.361522604639903,10.3418277147109,11.382268635689547,10.362573745760544,11.383586079514437,10.363891189585434,11.374910316294136,10.355215426365133,11.357016720230092,10.33732183030109,11.22552946590569,10.205834575976688,62.00051512462128,14.327,0.6474,0.89,1.3462,0.3485203536,0.8347796784000001,-0.839519067817059,-1.859213957746062,-0.9231894187682999,-1.9428843086973029,-0.7884085178564717,-1.8081034077854747,-0.8489086795747164,-1.8686035695037193,-0.8013712762376944,-1.8210661661666974,-0.8130238998542303,-1.8327187897832333,-0.957675019985706,-1.977369909914709,38.56443485652126,0.464,1.0262,0.9999,0.7571,0.26465602720000003,0.8292062576
