# Component-specific consistent Twu-91 parameters (L, M, N) and fitted volume-translation constants c (cm3/mol) of tc-PR and tc-RK,
# from Pina-Martinez, Privat & Jaubert, AIChE J. 68 (2022) e17518 (Supporting Information), via the thermo library tables
# PRTwu_PinaMartinez and SRKTwu_PinaMartinez (keyed by CAS).
fluid,coolprop,CAS,L_PR,M_PR,N_PR,c_PR_cm3mol,L_SRK,M_SRK,N_SRK,c_SRK_cm3mol
nitrogen,Nitrogen,7727-37-9,0.1243,0.8898,2.0129,-3.6430000000000002,0.1902,0.89,2.0106,1.347
oxygen,Oxygen,7782-44-7,0.2339,0.8896,1.3053,-2.762,0.2133,0.901,1.8619,1.348
argon,Argon,7440-37-1,0.1227,0.9045,1.8541,-3.293,0.2019,0.9085,1.8139,0.874
carbon monoxide,CarbonMonoxide,630-08-0,0.0997,0.8782,2.1509,-3.677,0.1623,0.8778,2.1566,1.408
carbon dioxide,CarbonDioxide,124-38-9,0.1784,0.859,2.4107,-1.137,0.2805,0.8684,2.2783,4.1579999999999995
hydrogen sulfide,HydrogenSulfide,7783-06-4,0.1122,0.8688,2.2734,-2.508,0.1748,0.8686,2.2761,3.0180000000000002
methane,Methane,74-82-8,0.1474,0.9075,1.8241,-3.5599999999999996,0.217,0.9082,1.8172,2.0509999999999997
ethane,Ethane,74-84-0,0.3053,0.8693,1.3297,-3.675,0.297,0.8811,1.7243,4.608
propane,n-Propane,74-98-6,0.7455,0.9133,0.761,-3.735,0.5467,0.8814,1.183,7.703
n-butane,n-Butane,106-97-8,0.4154,0.849,1.3205,-3.436,0.3515,0.8609,1.8324,11.027
isobutane,IsoButane,75-28-5,1.0772,0.9921,0.5743,-3.803,0.683,0.8838,1.0334,10.855
n-pentane,n-Pentane,109-66-0,0.2933,0.8366,1.8246,-1.599,0.2953,0.8513,2.2372,16.237000000000002
n-hexane,n-Hexane,110-54-3,0.2873,0.8341,2.0199,0.816,0.2972,0.8492,2.4246,22.052000000000003
n-heptane,n-Heptane,142-82-5,0.363,0.8202,1.8366,3.109,0.353,0.8368,2.2643,27.852
n-octane,n-Octane,111-65-9,0.357,0.8172,2.0,6.428,0.3598,0.8321,2.3836,34.875
n-decane,n-Decane,124-18-5,0.377,0.8108,2.1781,12.827,0.3777,0.8257,2.5802,48.708
cyclohexane,CycloHexane,110-82-7,0.3729,0.8119,1.3526,-4.233,0.3148,0.8334,1.8719,13.335
benzene,Benzene,71-43-2,0.1349,0.8482,2.579,-1.4389999999999998,0.1919,0.8469,2.5997,13.454
toluene,Toluene,108-88-3,0.3171,0.8302,1.7526,1.238,0.3312,0.8448,2.0809,19.657
ethylbenzene,EthylBenzene,100-41-4,0.4991,0.8222,1.354,2.7030000000000003,0.3919,0.8357,1.9344,24.375999999999998
o-xylene,o-Xylene,95-47-6,0.3621,0.8338,1.7822,1.484,0.3395,0.848,2.2584,22.637
m-xylene,m-Xylene,108-38-3,0.4185,0.8296,1.6288,4.1339999999999995,0.4048,0.843,2.0018,26.129
p-xylene,p-Xylene,106-42-3,0.2249,0.8493,2.5599,4.287,0.2989,0.8512,2.5294,26.399
water,Water,7732-18-5,0.3872,0.872,1.9669,5.271,0.4171,0.8758,2.1818,8.967
methanol,Methanol,67-56-1,0.665,0.9116,1.7833,9.18,0.7619,0.9142,1.7582,16.977999999999998
ethanol,Ethanol,64-17-5,0.853,0.913,1.5187,5.958,0.8128,0.9027,1.7952,16.023
ammonia,Ammonia,7664-41-7,0.2274,0.8645,2.332,4.031,0.2988,0.8652,2.3219,8.64
acetone,Acetone,67-64-1,0.3681,0.8538,1.8314,12.01,0.3716,0.8623,2.1784,25.689
dimethyl ether,DimethylEther,115-10-6,0.6103,0.8498,0.9663,-2.1950000000000003,0.512,0.8494,1.3201,7.53
sulfur dioxide,SulfurDioxide,7446-09-5,0.3947,0.824,1.4649,-0.052000000000000005,0.384,0.8366,1.7943,6.994000000000001
ethylene oxide,EthyleneOxide,75-21-8,0.6214,0.8595,0.9597,4.132000000000001,0.489,0.8541,1.3818,12.622
methyl chloride,R40,74-87-3,0.3115,0.8461,1.4331,0.504,0.3046,0.8592,1.8088,8.681999999999999
tetrahydrofuran,Tetrahydrofuran,109-99-9,0.529,0.8298,1.1236,-0.605,0.4609,0.8403,1.4946,12.878
R-32,R32,75-10-5,0.2864,0.8552,2.0537,7.25,0.3304,0.859,2.212,15.028
R-125,R125,354-33-6,0.2569,0.8429,2.2484,-1.536,0.2829,0.8505,2.5417,10.347999999999999
R-134a,R134a,811-97-2,0.2851,0.832,2.1174,2.27,0.283,0.8469,2.5997,13.886000000000001
R-1234yf,R1234yf,754-12-1,1.0262,0.9999,0.7571,0.464,0.6474,0.89,1.3462,14.327
