fluid,family,subgroup,Tc_ref_K,Tc_src_K,dTc_pct,pc_ref_MPa,pc_src_MPa,dpc_pct,n_points_srk,psat_srk_tf_src,psat_srk_tf_ref,psat_srk_tf_ref_allpts,h_srk_tf_src,h_srk_tf_ref,h_srk_tf_ref_allpts,rho_srk_tf_src,rho_srk_tf_ref,rho_srk_tf_ref_allpts,rhov_srk_tf_src,rhov_srk_tf_ref,rhov_srk_tf_ref_allpts,psat_bias_srk_tf_src,psat_bias_srk_tf_ref,n_points_pr,psat_pr_tf_src,psat_pr_tf_ref,psat_pr_tf_ref_allpts,h_pr_tf_src,h_pr_tf_ref,h_pr_tf_ref_allpts,rho_pr_tf_src,rho_pr_tf_ref,rho_pr_tf_ref_allpts,rhov_pr_tf_src,rhov_pr_tf_ref,rhov_pr_tf_ref_allpts,psat_bias_pr_tf_src,psat_bias_pr_tf_ref
nitrogen,Inorganic gases,,126.19199999958556,126.2,0.006339546416941808,3.395800444647145,3.4,0.12366908542799783,40,0.33562231349953026,0.29856718395977455,0.29856718395977455,1.507332518303349,1.514196453739286,1.514196453739286,3.9200897525885083,3.9787214220803357,3.9787214220803357,0.36809597961900115,0.3883739491275799,0.3883739491275799,0.3151637304511629,0.24061415648678636,40,0.30755208259182043,0.3061026847789436,0.3061026847789436,1.4110392786889778,1.4263261592070386,1.4263261592070386,9.689103347231534,9.582309708641688,9.582309708641688,1.2571270545382744,1.2421053221671545,1.2421053221671545,0.10461922015566882,0.030213919384489595
oxygen,Inorganic gases,,154.59938983528554,154.58,-0.012541986941980377,5.046410521187217,5.043,-0.0675831102701216,40,0.30880757737064246,0.31218765655258945,0.31218765655258945,1.46766261659849,1.4523661229815217,1.4523661229815217,4.273088135180016,4.211667892026418,4.211667892026418,0.40544974821187535,0.4315722677533727,0.4315722677533727,0.17543454795571814,0.14641887798142303,40,0.2504745266398346,0.2515591962270637,0.2515591962270637,1.4972340473064603,1.4710429041869109,1.4710429041869109,9.160668323611324,9.210241247367932,9.210241247367932,1.197918244302064,1.1841083805276749,1.1841083805276749,0.09760567833011094,0.06860474084419968
argon,Inorganic gases,,150.68700000001058,150.86,0.11480751490799922,4.863000544876669,4.898,0.7197090520626093,40,0.5644990465763146,0.6569370873163012,0.6569370873163012,1.4233515715547593,1.6097771939591508,1.6097771939591508,4.068871717911932,4.514454169461064,4.514454169461064,0.29002149293934437,0.2991513633801965,0.2991513633801965,0.5644990465763146,0.6569370873163012,40,0.4335701398944729,0.5253621302951442,0.5253621302951442,1.4015296391987397,1.8159626546211922,1.8159626546211922,9.593192820035082,9.036743364018118,9.036743364018118,1.3678907067517563,1.6693282395035904,1.6693282395035904,0.4335701398944729,0.5253621302951442
carbon monoxide,Inorganic gases,,132.85989463386605,132.92,0.04523966114799127,3.498194666198884,3.499,0.0230214118413084,40,0.30143513005122435,0.6328273163512865,0.6328273163512865,1.5420273331297536,1.6040326412553096,1.6040326412553096,3.989575710650321,4.035159879590045,4.035159879590045,0.34701979298210855,0.49445933353299554,0.49445933353299554,0.30143513005122435,0.6328273163512865,40,0.24180042979333255,0.5383384220190105,0.5383384220190105,1.6254926604876627,1.803844754991872,1.803844754991872,9.291594202566793,9.289805271026122,9.289805271026122,1.401826657204479,1.813117894126466,1.813117894126466,0.2074680284854619,0.5383384220190105
carbon dioxide,Inorganic gases,,304.1282000029807,304.21,0.026896551197319728,7.377298373446752,7.383,0.07728610481270018,40,0.2978903770808755,0.42858693622068345,0.42858693622068345,1.4827868040422563,1.5270221238523107,1.5270221238523107,12.047677986207201,12.147351401318872,12.147351401318872,1.5497028108250401,1.3807422625957897,1.3807422625957897,0.2978903770808755,0.42858693622068345,40,0.26136063925113157,0.2776363107768608,0.2776363107768608,1.4960460237457478,1.5957987057108087,1.5957987057108087,3.775684639537853,3.794130094380084,3.794130094380084,0.5912633877380251,0.6355689197823023,0.6355689197823023,0.06801322230663055,0.1984234140036765
hydrogen sulfide,Inorganic gases,,373.1008747131923,373.53,0.11501588870236495,8.998871587082043,8.963,-0.3986231688597186,40,0.10054052225138517,1.38051552459584,1.38051552459584,1.0736202149200844,1.1288216307058385,1.1288216307058385,6.597034286682282,6.280239389081326,6.280239389081326,1.3494610103639184,0.795257568499918,0.795257568499918,0.018387311358032437,1.38051552459584,40,0.4186401228948157,1.198571258190195,1.198571258190195,0.7637240059825071,0.9190868922199946,0.9190868922199946,6.522195334338344,6.910698145342645,6.910698145342645,0.5573231933798961,1.2872497430828183,1.2872497430828183,-0.16099900084875807,1.198571258190195
methane,Alkanes,,190.56400265128696,190.56,-0.002100423601133918,4.599200474282439,4.599,-0.0043588941938901785,40,0.36893141578251754,0.3573189080294993,0.3573189080294993,1.629262967171948,1.6271413722630577,1.6271413722630577,4.6933155128101784,4.6882111233830255,4.6882111233830255,0.36094350508616785,0.3687295529240229,0.3687295529240229,0.36893141578251754,0.3573189080294993,40,0.3090907167258884,0.3075026863139421,0.3075026863139421,1.4188005240275894,1.4144288912956504,1.4144288912956504,8.888659460403321,8.891091055948795,8.891091055948795,1.1346873302668465,1.1303208831998512,1.1303208831998512,0.14052938424738573,0.12894934539017172
ethane,Alkanes,,305.3220000000155,305.32,-0.0006550461530868072,4.872199977781725,4.872,-0.004104465798552144,40,0.39565907850726934,0.3957152552837881,0.3957152552837881,1.6214701095503457,1.6207739196507938,1.6207739196507938,7.335606451930849,7.331504636347115,7.331504636347115,0.5207486430271369,0.5226860459075962,0.5226860459075962,0.29982491030953556,0.29843548712876256,40,0.27883394542302753,0.27875433652942044,0.27875433652942044,1.5253177300492955,1.5242539596629359,1.5242539596629359,6.603028168463572,6.6054591743738005,6.6054591743738005,1.025185074682311,1.0247800096841913,1.0247800096841913,0.14457687651107418,0.14318858649379348
propane,Alkanes,,369.8900089509634,369.83,-0.016223458193322347,4.251165328013042,4.248,-0.07445789022092526,40,0.9920369655281982,0.9873093334900961,0.9873093334900961,2.038651458286444,2.023173512343759,2.023173512343759,8.798493683671586,8.723095037356998,8.723095037356998,0.6704222359422731,0.6992870607523833,0.6992870607523833,0.615906319826083,0.5460981828956241,40,0.5706742410612317,0.5760379519155528,0.5760379519155528,1.846064684004093,1.8251281636932895,1.8251281636932895,5.560820983821887,5.591231541300864,5.591231541300864,1.2140059272041561,1.2163556357211212,1.2163556357211212,0.2986055252155452,0.2289598154905589
n-butane,Alkanes,,425.125000000008,425.12,-0.0011761246710991543,3.7960000174158095,3.796,-4.587937135189806e-07,40,0.569487178551124,0.561585915349972,0.561585915349972,1.6555686640115035,1.6547734963730985,1.6547734963730985,9.905083401194128,9.904549113493433,9.904549113493433,0.7052784069613577,0.7138929531080698,0.7138929531080698,0.5646745322609712,0.5536959840453376,40,0.41467712383156174,0.40582232843295946,0.40582232843295946,1.5538376460398795,1.5523858556969952,1.5523858556969952,4.728594626510331,4.7274650023887,4.7274650023887,0.8168658538936336,0.815569239850913,0.815569239850913,0.4141946524835355,0.4032267014863697
isobutane,Alkanes,,407.8100000000046,407.8,-0.0024521223129876923,3.6290000166496337,3.64,0.3031133452713996,40,1.4448424080385567,1.2523767375279666,1.2523767375279666,2.1940338056645197,2.191347436384149,2.191347436384149,9.186884053821817,9.460193629488602,9.460193629488602,0.9009937967259821,0.8093348757175927,0.8093348757175927,1.177856894563361,0.8494274443497151,40,0.9261816216601245,0.6939693090276748,0.6939693090276748,1.9222292346536451,1.9187616979520006,1.9187616979520006,5.246174259535116,5.068001432016653,5.068001432016653,1.3645146293360164,1.2062310624327979,1.2062310624327979,0.8878150252306419,0.5603242973075956
n-pentane,Alkanes,,469.69999987111663,469.7,2.7439505504626228e-08,3.3675189836068755,3.3700000000000006,0.07367490443862904,40,0.41715553266375227,0.3874273818883126,0.3874273818883126,1.5042670364293091,1.5042670552949153,1.5042670552949153,11.702602902882116,11.767608045682353,11.767608045682353,0.9112786765746286,0.9680720214804772,0.9680720214804772,0.36984481815829573,0.2959521398475149,40,0.32693181933326365,0.31295878078148154,0.31295878078148154,1.3746101965180455,1.3746102313542938,1.3746102313542938,3.6228315693427007,3.594397212965518,3.594397212965518,0.7521188175753861,0.7599241219334636,0.7599241219334636,0.20373688327767087,0.12996649438135388
n-hexane,Alkanes,,507.8199998837351,507.6,-0.043322414199012456,3.044115323022376,3.025,-0.6279434579172732,40,0.5870591810755361,0.6529664206992815,0.6529664206992815,1.5988752183615766,1.5697926561438327,1.5697926561438327,13.139072721399703,12.57045440850375,12.57045440850375,1.6265017603807912,1.506990743621086,1.506990743621086,0.39514324618816604,0.5841693364733229,40,0.5325035933948804,0.5593490417410578,0.5593490417410578,1.4352408327507944,1.3851988810131572,1.3851988810131572,2.907168894002021,3.0116438014284106,3.0116438014284106,0.9244390008322785,0.8517031729460983,0.8517031729460983,0.26096210226537503,0.4495110796318995
n-heptane,Alkanes,,541.2259150893126,540.2,-0.18955394793748048,2.773824280294774,2.74,-1.2194096264518817,40,0.5264813361850542,0.820508295915157,0.820508295915157,1.3774572318113947,1.7826764692587993,1.7826764692587993,14.479495773401704,13.332906278909325,13.332906278909325,1.9964432904073424,2.8911218557003493,2.8911218557003493,0.42619327686932423,-0.3663453824309341,40,0.424604214750208,0.664903867689372,0.664903867689372,1.0552955046525465,1.3014612741528402,1.3014612741528402,3.450484288314123,2.615263273819523,2.615263273819523,1.0551833817716176,1.91689873182021,1.91689873182021,0.3789959339427039,-0.41397325811950897
n-octane,Alkanes,,568.7399999458576,568.7,-0.007033081172649108,2.483591197759349,2.49,0.2580457784853243,40,0.5836830863052833,0.5604909460477192,0.5604909460477192,1.686982955765712,1.685678325546282,1.685678325546282,15.705745828716662,15.919581276680338,15.919581276680338,1.424416156893591,1.7242968743539386,1.7242968743539386,0.41039523369243813,0.07372259237842138,40,0.4323941626759633,0.4009730270735095,0.4009730270735095,1.4513963159584868,1.4479662170241656,1.4479662170241656,4.821454029450612,5.062700920584378,5.062700920584378,0.638162663651522,0.8311898455205633,0.8311898455205633,0.324665055036534,-0.011753722701979849
n-decane,Alkanes,,617.6988452458754,617.7,0.00018694451730238187,2.101336691813891,2.11,0.412276063129652,40,0.7629356344196314,0.8180937363035218,0.8180937363035218,1.6483984889835874,1.648191776693136,1.648191776693136,17.65580371416879,17.99397800967771,17.99397800967771,2.286750367774752,2.66683931408727,2.66683931408727,0.2034742207757793,-0.2057132122020175,40,0.611884936060068,0.7291728881473396,0.7291728881473396,1.306800660588374,1.3065782249812057,1.3065782249812057,7.034380195032893,7.416180012976392,7.416180012976392,1.4849970501261627,1.8851546683490845,1.8851546683490845,0.06148364838096661,-0.34712270081706487
cyclohexane,Alkanes,,553.6000188557726,553.8,0.036123760371368205,4.080525879162136,4.079999999999999,-0.012887534050978245,40,0.44658531397244694,0.7003005112051959,0.7003005112051959,1.42346021924382,1.4629946101557896,1.4629946101557896,9.694519976203843,9.70064930153798,9.70064930153798,0.6946477864232753,0.4459212428951215,0.4459212428951215,0.35035053644177416,0.7003005112051959,40,0.3342534738297693,0.5442796595196062,0.5442796595196062,1.3280558185138616,1.3931525174841135,1.3931525174841135,4.7333031848567435,4.774739242829042,4.774739242829042,0.7726084735074912,0.8905469923038701,0.8905469923038701,0.19488869580584328,0.5442796595196062
benzene,Aromatics,,562.0196911219722,562.05,0.005392849842549347,4.906288781088225,4.895,-0.23008798690650384,40,0.44931339377112006,0.5262337997173221,0.5262337997173221,1.5289041736664766,1.5318478168812864,1.5318478168812864,11.523743610427386,11.322211041064074,11.322211041064074,1.0677761110252473,0.7814014756625964,0.7814014756625964,0.24204978065205163,0.5241573405834119,40,0.3440252141460157,0.3828743895346939,0.3828743895346939,1.2884939272310716,1.2958446662915413,1.2958446662915413,3.683082315344825,3.78790323682038,3.78790323682038,0.745043558951559,0.7096740033188526,0.7096740033188526,-0.006169356543641325,0.2752425595417304
toluene,Aromatics,,591.7490789362913,591.75,0.00015565105911845715,4.126346948595585,4.108,-0.4446293252638215,40,0.5426428481374239,0.7865111493152023,0.7865111493152023,1.6473105571727493,1.6471928603128254,1.6471928603128254,13.64130525438316,13.255683919082902,13.255683919082902,2.093655499804533,1.705400573814551,1.705400573814551,0.3368422682499855,0.7865111493152023,40,0.34429798729578687,0.6498812722526932,0.6498812722526932,1.3206662053060303,1.320632466640079,1.320632466640079,2.9214616353300165,2.9419870596461095,2.9419870596461095,1.2070740144044936,0.8790377328533314,0.8790377328533314,0.20082153176592818,0.6498812722526932
ethylbenzene,Aromatics,,617.1199997949194,617.15,0.004861324392425851,3.6224421281439887,3.6090000000000004,-0.3710791689272716,40,0.7987982457982605,1.2157277159748339,1.2157277159748339,1.8813982729328842,1.8835348617141385,1.8835348617141385,14.731014885345928,14.41555211544969,14.41555211544969,0.9028245390304688,0.5888338468114493,0.5888338468114493,0.7899799973736179,1.2157277159748339,40,0.667063438978621,1.0422526315489982,1.0422526315489982,1.8175135607533086,1.8210713177132738,1.8210713177132738,3.7179519236915226,3.362950792658084,3.362950792658084,0.6607547370173696,0.6137935274992947,0.6137935274992947,0.6172057348511895,1.0422526315489982
o-xylene,Aromatics,,630.259003064399,630.3,0.006504775878102361,3.737459756642433,3.7630000000000003,0.6833583508739047,40,0.7382317759569623,0.6438358492759633,0.6438358492759633,2.3293136253277105,2.3033580857533233,2.3033580857533233,13.30199263855028,13.893405992522787,13.893405992522787,2.5185340468157933,3.0841448244414797,3.0841448244414797,0.6611470887250015,0.044858658295062664,40,0.5835142907084789,0.5663859598500839,0.5663859598500839,1.8739144572505915,1.8471246885484056,1.8471246885484056,2.5559115465742037,2.789727057460309,2.789727057460309,1.609725016434009,2.1979095608246233,2.1979095608246233,0.5052920406550447,-0.1100099923757299
m-xylene,Aromatics,,616.890000360268,617.0,0.017831321575605866,3.5345990782215013,3.5409999999999995,0.18109329054991322,40,0.8045004539827552,0.765292263779709,0.765292263779709,1.487691443922298,1.4882376988225114,1.4882376988225114,15.507878871316086,15.668447974565044,15.668447974565044,1.5333977646903514,1.503065064546524,1.503065064546524,0.2957276975027373,0.3003804555154681,40,0.48639427881760533,0.44835963330497125,0.44835963330497125,1.2485826682969983,1.2549471562416186,1.2549471562416186,4.589929619160783,4.771768166925703,4.771768166925703,0.5590245106931271,0.5277466664644863,0.5277466664644863,0.25214966303144715,0.2568614739420615
p-xylene,Aromatics,,616.1680019419451,616.2,0.005193073634798192,3.5315210522526908,3.531,-0.014754329507915692,40,0.5772426096264478,0.6024057528893232,0.6024057528893232,1.7326378581184827,1.724569909224868,1.724569909224868,15.363137403110562,15.352931630050614,15.352931630050614,2.2691329216695317,2.2068316358927924,2.2068316358927924,0.4811812790213791,0.5501018339211583,40,0.40880413861532006,0.42930999274295917,0.42930999274295917,1.3738756955016893,1.3668056641913109,1.3668056641913109,4.3818498393020215,4.370469157718522,4.370469157718522,1.6555725661160985,1.6080746057756357,1.6080746057756357,0.21768299699741006,0.2864587383821927
water,Polar/associating,H-bonding,647.0959999999873,647.1,0.000618146304837629,22.063999999997755,22.064,1.0181064403429854e-11,40,0.4275616621175316,0.42783120146820497,0.42783120146820497,2.3637108352784977,2.363107428270314,2.363107428270314,28.744229266127128,28.744456319681785,28.744456319681785,3.3855172124222905,3.3784302279385394,3.3784302279385394,0.33148956954016195,0.33794169127953283,40,0.29605343896071884,0.29640519880806016,0.29640519880806016,2.0152450320525404,2.0146439640817775,2.0146439640817775,19.506815426368092,19.50708687105015,19.50708687105015,2.719284537781602,2.7135209079185945,2.7135209079185945,0.07313596598426846,0.07957401837780462
methanol,Polar/associating,H-bonding,513.3795127230579,512.5,-0.17131823558615214,8.215853274947687,8.084,-1.6048640419339355,40,1.4520536079935549,1.6034758317202595,1.6034758317202595,5.341948784691373,5.780191929568178,5.780191929568178,27.007448311393034,25.748832313422298,25.748832313422298,5.744679052897885,6.428645231277107,6.428645231277107,0.42362514410423213,-0.04585029013232711,40,0.7908464592553677,0.44002702132238375,0.44002702132238375,4.752291012752373,5.280141074244063,5.280141074244063,17.47966216753351,16.05307979357999,16.05307979357999,5.158574528702682,5.699002052912657,5.699002052912657,0.41060732388996357,-0.0572696624039826
ethanol,Polar/associating,H-bonding,514.7092848812961,514.0,-0.13780300883044078,6.267914582702095,6.137,-2.0886465661702984,40,2.163924333467244,1.6937424647444346,1.6937424647444346,1.7119360423646417,1.5242464445094466,1.5242464445094466,19.833936471700735,18.064294602898322,18.064294602898322,2.8178152213996888,2.493946289665704,2.493946289665704,-0.3977111084882035,-0.10023940572202399,40,2.3206113778705246,1.8333678395645492,1.8333678395645492,1.5657450666161907,1.3805350559438714,1.3805350559438714,9.455667527881536,7.453558360374434,7.453558360374434,2.9095578799687947,2.592144287451775,2.592144287451775,-1.1411881173539526,-0.8487724144767274
ammonia,Polar/associating,H-bonding,405.55999997326353,405.65,0.022191544220924356,11.363391157414672,11.28,-0.733858020545723,40,0.41045149857718155,1.0847803981481299,1.0847803981481299,2.887090217678616,2.842393041063056,2.842393041063056,23.101195778984998,22.541772564797743,22.541772564797743,4.424474106853067,3.8620184944978524,3.8620184944978524,0.12703683090277718,1.0847803981481299,40,1.2071214746344512,1.3573251783015141,1.3573251783015141,2.2966259374014037,2.2719253217811373,2.2719253217811373,13.144089665590446,12.51284193937909,12.51284193937909,3.9238397845068844,3.519430247977027,3.519430247977027,0.3972058908377051,1.3573251783015141
acetone,Polar/associating,polar aprotic,508.10000903114974,508.1,-1.7774354567098403e-06,4.6924165561745,4.7,0.16161062716227606,40,0.6472678498155712,0.6254593514273277,0.6254593514273277,3.881341285439934,3.881345358735703,3.881345358735703,23.656760108311538,23.779939120113845,23.779939120113845,4.827358755172729,4.956732813003321,4.956732813003321,0.3003681377600169,0.13851549967289206,40,0.5547111736385814,0.5594913095912657,0.5594913095912657,3.4848787908119063,3.484882857540126,3.484882857540126,13.780676089538341,13.91979001101453,13.91979001101453,4.038576277372351,4.169223390476208,4.169223390476208,0.08417501520314588,-0.07732876638228478
dimethyl ether,Polar/associating,polar aprotic,400.3779999121906,400.1,-0.06943436259023977,5.336664806965011,5.37,0.6246446842882516,40,1.916422583721078,1.4657085714347926,1.4657085714347926,2.4052768052206472,2.389684247245788,2.389684247245788,10.810794824238172,11.332392697002238,11.332392697002238,0.9478049836605832,1.9757207691432683,1.9757207691432683,1.5144161028586678,0.23552939052859134,40,1.3171227148077105,1.0326506627964684,1.0326506627964684,2.0596326153138547,2.0341237567342434,2.0341237567342434,4.110183408219244,3.764869993385349,3.764869993385349,0.8869378996274406,1.4166052306395815,1.4166052306395815,1.087310079518869,-0.18642736079209898
sulfur dioxide,Polar/associating,polar aprotic,430.6400006320635,430.75,0.02554323048835367,7.886578976938646,7.884,-0.03270083196005023,40,1.0807021044616267,1.3674309321395774,1.3674309321395774,1.5611804918661703,1.5630721129222336,1.5630721129222336,12.77501474437376,12.758289222749408,12.758289222749408,1.280178324205531,1.1912519344075174,1.1912519344075174,1.0807021044616267,1.3674309321395774,40,0.544874742356508,0.8302505928511568,0.8302505928511568,1.3097200034140548,1.3171553318015754,1.3171553318015754,2.4109708594349337,2.441036601315088,2.441036601315088,0.7488094151312268,0.6629257656040283,0.6629257656040283,0.544874742356508,0.8302505928511568
ethylene oxide,Polar/associating,polar aprotic,468.9200076903809,469.15,0.04904723744928196,7.304686998351187,7.190000000000001,-1.570046716266867,40,0.9942622094344049,2.7781260151906997,2.7781260151906997,2.220971507172915,2.2097763343727856,2.2097763343727856,17.381662276039144,16.085203309931536,16.085203309931536,2.480330503104227,1.8920337951400803,1.8920337951400803,0.7037783461946214,2.7781260151906997,40,0.6834933056373994,2.517947885668221,2.517947885668221,1.8645132039855477,1.8673781365893762,1.8673781365893762,6.665846358658325,5.202745201968282,5.202745201968282,1.6308170895221472,1.2690884707459562,1.2690884707459562,0.44877401592011684,2.517947885668221
methyl chloride,Polar/associating,polar aprotic,418.6256521058676,416.25,-0.5674884216762681,6.929002575398743,6.68,-3.5936279816494916,40,0.305956527958691,0.8831728327576801,0.8831728327576801,3.127607269664112,3.520610105035451,3.520610105035451,13.932253623706355,10.343928811921478,10.343928811921478,2.621453639598568,4.594697933981546,4.594697933981546,0.305956527958691,-0.7615207431899018,40,0.3334327778779477,1.2484253819232662,1.2484253819232662,2.8659349254537916,3.154174258765519,3.154174258765519,3.4800597771723765,3.738782232193185,3.738782232193185,2.0972758973163574,3.783920464987884,3.783920464987884,-0.18260098743760547,-1.2484253819232662
tetrahydrofuran,Polar/associating,polar aprotic,540.1999999999915,540.15,-0.009255831172073766,5.304435306015896,5.19,-2.157351337400829,40,0.8867602867867739,2.675219167166373,2.675219167166373,2.2654182952909045,2.248868202261094,2.248868202261094,12.462007223465514,10.527680114456441,10.527680114456441,1.2085149119080711,2.697524681239326,2.697524681239326,0.549015780634491,2.675219167166373,40,0.4553470801936036,2.3072040927108235,2.3072040927108235,2.228741101943946,2.20730821964796,2.20730821964796,3.7833876443412406,4.6455611634931255,4.6455611634931255,1.3163621809013628,3.1488350415029265,3.1488350415029265,0.18866376855844708,2.3072040927108235
R-32,Refrigerants,,351.25500044943203,351.26,0.0014233393294222243,5.782645093949692,5.784,0.02343055865083778,40,0.7346483647826414,0.7264639576285798,0.7264639576285798,3.14644442563841,3.144936373588393,3.144936373588393,23.93314782858452,23.951539582798926,23.951539582798926,3.5844407641705396,3.591419555714279,3.591419555714279,0.6277310737282015,0.6183314993962252,40,0.36005559353107214,0.35068119704662704,0.35068119704662704,2.724161507705757,2.7226743716748425,2.7226743716748425,14.054408612279047,14.075227201608717,14.075227201608717,2.87447707511683,2.8810183440550214,2.8810183440550214,0.36005559353107214,0.35068119704662704
R-125,Refrigerants,,339.1772824561048,339.17,-0.0021470943018556043,3.6182760556197295,3.6200000000000006,0.047645463026328154,40,0.7684120639321236,0.7563631200709655,0.7563631200709655,1.6094291130152378,1.6080609688554575,1.6080609688554575,11.457422957473161,11.498523117797443,11.498523117797443,1.7583258819234557,1.794708729451242,1.794708729451242,0.4640726623985749,0.39460150602931643,40,1.008623641000049,1.013850020667737,1.013850020667737,1.5101412836635395,1.5075426835754038,1.5075426835754038,3.574746910522388,3.5517496794839034,3.5517496794839034,1.4384878258652314,1.4462211731767234,1.4462211731767234,0.2710233158973757,0.2016860655075629
R-134a,Refrigerants,,374.2119665849513,374.18,-0.008542373789655099,4.059276373791066,4.056,-0.0807132476177301,40,0.5984338080813586,0.5917302692552682,0.5917302692552682,1.7788699720353194,1.778349513633951,1.778349513633951,15.234654717509779,15.162393895764188,15.162393895764188,2.2235242842665306,2.224008259936942,2.224008259936942,0.5136243463110735,0.5050846730530885,40,0.5811011450700232,0.5727494121197753,0.5727494121197753,1.5520845517839228,1.5485070976948274,1.5485070976948274,4.2944701139324195,4.212627889557798,4.212627889557798,1.3065416074894745,1.3081844758284293,1.3081844758284293,0.4021025841090383,0.3935511962726052
R-1234yf,Refrigerants,,367.8499999999476,367.85,1.4247555305062513e-11,3.384373695566109,3.382,-0.07013692279959245,40,1.7136567672552019,1.6959027362266361,1.6959027362266361,2.2948991403515357,2.2948991403516787,2.2948991403516787,13.309083639559711,13.248238623662251,13.248238623662251,2.873502407988182,2.805333059311684,2.805333059311684,-1.2027717774915,-1.1334298073401707,40,1.7366758680987342,1.7063110067907878,1.7063110067907878,2.0758275543064015,2.0758275543099747,2.0758275543099747,2.8226354383688275,2.828125844963819,2.828125844963819,2.3018020817088036,2.258181991552076,2.258181991552076,-1.4934201023478189,-1.4242821270637145
